<lapidary>
	<metals>
	  <metal>
		<Symbol>Ag</Symbol>
		<Name>Silver (fine)</Name>
		<MeltingPoint>1762</MeltingPoint>
		<SpecificGravity>10.6</SpecificGravity>
	  </metal>
	  <metal>
		<Symbol>Al</Symbol>
		<Name>Aluminum</Name>
		<MeltingPoint>1220</MeltingPoint>
		<SpecificGravity>2.7</SpecificGravity>
	  </metal>
	  <metal>
		<Symbol>Au</Symbol>
		<Name>Gold (fine)</Name>
		<MeltingPoint>1945</MeltingPoint>
		<SpecificGravity>19.3</SpecificGravity>
	  </metal>
	  <metal>
		<Symbol>Bi</Symbol>
		<Name>Bismuth</Name>
		<MeltingPoint>520</MeltingPoint>
		<SpecificGravity>9.8</SpecificGravity>
	  </metal>
	  <metal>
		<Symbol>Cd</Symbol>
		<Name>Cadmium</Name>
		<MeltingPoint>610</MeltingPoint>
		<SpecificGravity>8.7</SpecificGravity>
	  </metal>
	  <metal>
		<Symbol>Cr</Symbol>
		<Name>Chromium</Name>
		<MeltingPoint>3434</MeltingPoint>
		<SpecificGravity>6.9</SpecificGravity>
	  </metal>
	  <metal>
		<Symbol>Cu</Symbol>
		<Name>Copper</Name>
		<MeltingPoint>1981</MeltingPoint>
		<SpecificGravity>8.9</SpecificGravity>
	  </metal>
	  <metal>
		<Symbol>Fe</Symbol>
		<Name>Iron</Name>
		<MeltingPoint>2793</MeltingPoint>
		<SpecificGravity>7.9</SpecificGravity>
	  </metal>
	  <metal>
		<Symbol>Mg</Symbol>
		<Name>Magnesium</Name>
		<MeltingPoint>1204</MeltingPoint>
		<SpecificGravity>1.7</SpecificGravity>
	  </metal>
	  <metal>
		<Symbol>Ni</Symbol>
		<Name>Nickel</Name>
		<MeltingPoint>2651</MeltingPoint>
		<SpecificGravity>8.8</SpecificGravity>
	  </metal>
	  <metal>
		<Symbol>Pb</Symbol>
		<Name>Lead</Name>
		<MeltingPoint>621</MeltingPoint>
		<SpecificGravity>11.3</SpecificGravity>
	  </metal>
	  <metal>
		<Symbol>Pd</Symbol>
		<Name>Palladium</Name>
		<MeltingPoint>2820</MeltingPoint>
		<SpecificGravity>12.2</SpecificGravity>
	  </metal>
	  <metal>
		<Symbol>Pt</Symbol>
		<Name>Platinum</Name>
		<MeltingPoint>3225</MeltingPoint>
		<SpecificGravity>21.4</SpecificGravity>
	  </metal>
	  <metal>
		<Symbol>Sb</Symbol>
		<Name>Antimony</Name>
		<MeltingPoint>1168</MeltingPoint>
		<SpecificGravity>6.6</SpecificGravity>
	  </metal>
	  <metal>
		<Symbol>Sn</Symbol>
		<Name>Tin</Name>
		<MeltingPoint>450</MeltingPoint>
		<SpecificGravity>7.3</SpecificGravity>
	  </metal>
	  <metal>
		<Symbol>Ti</Symbol>
		<Name>Titanium</Name>
		<MeltingPoint>3272</MeltingPoint>
		<SpecificGravity>4.5</SpecificGravity>
	  </metal>
	  <metal>
		<Symbol>Zn</Symbol>
		<Name>Zinc</Name>
		<MeltingPoint>786</MeltingPoint>
		<SpecificGravity>7.1</SpecificGravity>
	  </metal>
	</metals>
	<gems>
	  <gem>
		<GID>1</GID>
		<Mineral>Actinolite</Mineral>
		<Description></Description>
		<Hardness>5.5</Hardness>
		<RefractiveIndex>1.625</RefractiveIndex>
		<CrownAngle>43</CrownAngle>
		<PavilionAngle>39</PavilionAngle>
		<CriticalAngle>38</CriticalAngle>
		<Common>false</Common>
	  </gem>
	  <gem>
		<GID>2</GID>
		<Mineral>Almandite</Mineral>
		<Hardness>7.5</Hardness>
		<RefractiveIndex>1.8</RefractiveIndex>
		<CrownAngle>37</CrownAngle>
		<PavilionAngle>42</PavilionAngle>
		<CriticalAngle>34</CriticalAngle>
		<Common>false</Common>
	  </gem>
	  <gem>
		<GID>3</GID>
		<Mineral>Anatase</Mineral>
		<Hardness>5.75</Hardness>
		<RefractiveIndex>2.524</RefractiveIndex>
		<CrownAngle>35</CrownAngle>
		<PavilionAngle>41</PavilionAngle>
		<CriticalAngle>24</CriticalAngle>
		<Common>false</Common>
	  </gem>
	  <gem>
		<GID>4</GID>
		<Mineral>Andalusite</Mineral>
		<Description></Description>
		<Hardness>7.25</Hardness>
		<RefractiveIndex>1.638</RefractiveIndex>
		<CrownAngle>43</CrownAngle>
		<PavilionAngle>39</PavilionAngle>
		<CriticalAngle>38</CriticalAngle>
		<Common>false</Common>
	  </gem>
	  <gem>
		<GID>5</GID>
		<Mineral>Andradite</Mineral>
		<Hardness>6.5</Hardness>
		<RefractiveIndex>1.89</RefractiveIndex>
		<CrownAngle>37</CrownAngle>
		<PavilionAngle>42</PavilionAngle>
		<CriticalAngle>32</CriticalAngle>
		<Common>false</Common>
	  </gem>
	  <gem>
		<GID>6</GID>
		<Mineral>Apatite</Mineral>
		<Hardness>5</Hardness>
		<RefractiveIndex>1.639</RefractiveIndex>
		<CrownAngle>43</CrownAngle>
		<PavilionAngle>39</PavilionAngle>
		<CriticalAngle>38</CriticalAngle>
		<Common>false</Common>
	  </gem>
	  <gem>
		<GID>7</GID>
		<Mineral>Apophyllite</Mineral>
		<Hardness>4.5</Hardness>
		<RefractiveIndex>1.536</RefractiveIndex>
		<CrownAngle>42</CrownAngle>
		<PavilionAngle>43</PavilionAngle>
		<CriticalAngle>41</CriticalAngle>
		<Common>false</Common>
	  </gem>
	  <gem>
		<GID>8</GID>
		<Mineral>Augelite</Mineral>
		<Hardness>5</Hardness>
		<RefractiveIndex>1.58</RefractiveIndex>
		<CrownAngle>42</CrownAngle>
		<PavilionAngle>43</PavilionAngle>
		<CriticalAngle>40</CriticalAngle>
		<Common>false</Common>
	  </gem>
	  <gem>
		<GID>9</GID>
		<Mineral>Axinite</Mineral>
		<Hardness>6.5</Hardness>
		<RefractiveIndex>1.683</RefractiveIndex>
		<CrownAngle>43</CrownAngle>
		<PavilionAngle>39</PavilionAngle>
		<CriticalAngle>37</CriticalAngle>
		<Common>false</Common>
	  </gem>
	  <gem>
		<GID>10</GID>
		<Mineral>Azurite</Mineral>
		<Hardness>3.5</Hardness>
		<RefractiveIndex>1.775</RefractiveIndex>
		<CrownAngle>37</CrownAngle>
		<PavilionAngle>42</PavilionAngle>
		<CriticalAngle>36</CriticalAngle>
		<Common>false</Common>
	  </gem>
	  <gem>
		<GID>11</GID>
		<Mineral>Barite</Mineral>
		<Hardness>3</Hardness>
		<RefractiveIndex>1.636</RefractiveIndex>
		<CrownAngle>43</CrownAngle>
		<PavilionAngle>39</PavilionAngle>
		<CriticalAngle>38</CriticalAngle>
		<Common>false</Common>
	  </gem>
	  <gem>
		<GID>12</GID>
		<Mineral>Benitoite</Mineral>
		<Hardness>6</Hardness>
		<RefractiveIndex>1.781</RefractiveIndex>
		<CrownAngle>37</CrownAngle>
		<PavilionAngle>42</PavilionAngle>
		<CriticalAngle>35</CriticalAngle>
		<Common>false</Common>
	  </gem>
	  <gem>
		<GID>13</GID>
		<Mineral>Beryl</Mineral>
		<Hardness>7.75</Hardness>
		<RefractiveIndex>1.579</RefractiveIndex>
		<CrownAngle>42</CrownAngle>
		<PavilionAngle>43</PavilionAngle>
		<CriticalAngle>39</CriticalAngle>
		<Common>false</Common>
	  </gem>
	  <gem>
		<GID>14</GID>
		<Mineral>Berylionite</Mineral>
		<Hardness>5.5</Hardness>
		<RefractiveIndex>1.557</RefractiveIndex>
		<CrownAngle>42</CrownAngle>
		<PavilionAngle>43</PavilionAngle>
		<CriticalAngle>40</CriticalAngle>
		<Common>false</Common>
	  </gem>
	  <gem>
		<GID>15</GID>
		<Mineral>Brazilianite</Mineral>
		<Hardness>5.5</Hardness>
		<RefractiveIndex>1.608</RefractiveIndex>
		<CrownAngle>42</CrownAngle>
		<PavilionAngle>43</PavilionAngle>
		<CriticalAngle>39</CriticalAngle>
		<Common>false</Common>
	  </gem>
	  <gem>
		<GID>16</GID>
		<Mineral>Calcite</Mineral>
		<Hardness>3</Hardness>
		<RefractiveIndex>1.572</RefractiveIndex>
		<CrownAngle>42</CrownAngle>
		<PavilionAngle>45</PavilionAngle>
		<CriticalAngle>42</CriticalAngle>
		<Common>false</Common>
	  </gem>
	  <gem>
		<GID>17</GID>
		<Mineral>Cancrinite</Mineral>
		<Hardness>5.5</Hardness>
		<RefractiveIndex>1.51</RefractiveIndex>
		<CrownAngle>42</CrownAngle>
		<PavilionAngle>43</PavilionAngle>
		<CriticalAngle>42</CriticalAngle>
		<Common>false</Common>
	  </gem>
	  <gem>
		<GID>18</GID>
		<Mineral>Cassiterite</Mineral>
		<Hardness>6.5</Hardness>
		<RefractiveIndex>2.045</RefractiveIndex>
		<CrownAngle>35</CrownAngle>
		<PavilionAngle>41</PavilionAngle>
		<CriticalAngle>30</CriticalAngle>
		<Common>false</Common>
	  </gem>
	  <gem>
		<GID>19</GID>
		<Mineral>Celestite</Mineral>
		<Hardness>3.25</Hardness>
		<RefractiveIndex>1.627</RefractiveIndex>
		<CrownAngle>43</CrownAngle>
		<PavilionAngle>39</PavilionAngle>
		<CriticalAngle>38</CriticalAngle>
		<Common>false</Common>
	  </gem>
	  <gem>
		<GID>20</GID>
		<Mineral>Chrysoberyl  </Mineral>
		<Hardness>8.5</Hardness>
		<RefractiveIndex>1.751</RefractiveIndex>
		<CrownAngle>37</CrownAngle>
		<PavilionAngle>42</PavilionAngle>
		<CriticalAngle>35</CriticalAngle>
		<Common>false</Common>
	  </gem>
	  <gem>
		<GID>21</GID>
		<Mineral>Chrysocolia</Mineral>
		<Hardness>3</Hardness>
		<RefractiveIndex>1.515</RefractiveIndex>
		<CrownAngle>41</CrownAngle>
		<PavilionAngle>45</PavilionAngle>
		<CriticalAngle>43</CriticalAngle>
		<Common>false</Common>
	  </gem>
	  <gem>
		<GID>22</GID>
		<Mineral>Corundum</Mineral>
		<Hardness>9</Hardness>
		<RefractiveIndex>1.765</RefractiveIndex>
		<CrownAngle>37</CrownAngle>
		<PavilionAngle>42</PavilionAngle>
		<CriticalAngle>35</CriticalAngle>
		<Common>false</Common>
	  </gem>
	  <gem>
		<GID>23</GID>
		<Mineral>Crocoite</Mineral>
		<Hardness>2.75</Hardness>
		<RefractiveIndex>2.485</RefractiveIndex>
		<CrownAngle>35</CrownAngle>
		<PavilionAngle>41</PavilionAngle>
		<CriticalAngle>26</CriticalAngle>
		<Common>false</Common>
	  </gem>
	  <gem>
		<GID>24</GID>
		<Mineral>Danburite</Mineral>
		<Hardness>7</Hardness>
		<RefractiveIndex>1.633</RefractiveIndex>
		<CrownAngle>43</CrownAngle>
		<PavilionAngle>39</PavilionAngle>
		<CriticalAngle>38</CriticalAngle>
		<Common>false</Common>
	  </gem>
	  <gem>
		<GID>25</GID>
		<Mineral>Datolite</Mineral>
		<Hardness>5.25</Hardness>
		<RefractiveIndex>1.647</RefractiveIndex>
		<CrownAngle>43</CrownAngle>
		<PavilionAngle>39</PavilionAngle>
		<CriticalAngle>38</CriticalAngle>
		<Common>false</Common>
	  </gem>
	  <gem>
		<GID>26</GID>
		<Mineral>Diamond</Mineral>
		<Hardness>10</Hardness>
		<RefractiveIndex>2.419</RefractiveIndex>
		<CrownAngle>35</CrownAngle>
		<PavilionAngle>41</PavilionAngle>
		<CriticalAngle>24</CriticalAngle>
		<Common>false</Common>
	  </gem>
	  <gem>
		<GID>27</GID>
		<Mineral>Diopside</Mineral>
		<Hardness>5.5</Hardness>
		<RefractiveIndex>1.699</RefractiveIndex>
		<CrownAngle>43</CrownAngle>
		<PavilionAngle>39</PavilionAngle>
		<CriticalAngle>37</CriticalAngle>
		<Common>false</Common>
	  </gem>
	  <gem>
		<GID>28</GID>
		<Mineral>Dioptase</Mineral>
		<Hardness>5</Hardness>
		<RefractiveIndex>1.677</RefractiveIndex>
		<CrownAngle>43</CrownAngle>
		<PavilionAngle>39</PavilionAngle>
		<CriticalAngle>37</CriticalAngle>
		<Common>false</Common>
	  </gem>
	  <gem>
		<GID>29</GID>
		<Mineral>Enstatite</Mineral>
		<Hardness>5.5</Hardness>
		<RefractiveIndex>1.664</RefractiveIndex>
		<CrownAngle>43</CrownAngle>
		<PavilionAngle>39</PavilionAngle>
		<CriticalAngle>37</CriticalAngle>
		<Common>false</Common>
	  </gem>
	  <gem>
		<GID>30</GID>
		<Mineral>Epidote</Mineral>
		<Hardness>6.5</Hardness>
		<RefractiveIndex>1.749</RefractiveIndex>
		<CrownAngle>37</CrownAngle>
		<PavilionAngle>42</PavilionAngle>
		<CriticalAngle>35</CriticalAngle>
		<Common>false</Common>
	  </gem>
	  <gem>
		<GID>31</GID>
		<Mineral>Euclase</Mineral>
		<Hardness>7.5</Hardness>
		<RefractiveIndex>1.664</RefractiveIndex>
		<CrownAngle>43</CrownAngle>
		<PavilionAngle>39</PavilionAngle>
		<CriticalAngle>37</CriticalAngle>
		<Common>false</Common>
	  </gem>
	  <gem>
		<GID>32</GID>
		<Mineral>Feldspars</Mineral>
		<Hardness>6.25</Hardness>
		<RefractiveIndex>1.553</RefractiveIndex>
		<CrownAngle>42</CrownAngle>
		<PavilionAngle>43</PavilionAngle>
		<CriticalAngle>41</CriticalAngle>
		<Common>false</Common>
	  </gem>
	  <gem>
		<GID>33</GID>
		<Mineral>Fluorite</Mineral>
		<Hardness>4</Hardness>
		<RefractiveIndex>1.434</RefractiveIndex>
		<CrownAngle>41</CrownAngle>
		<PavilionAngle>45</PavilionAngle>
		<CriticalAngle>44</CriticalAngle>
		<Common>false</Common>
	  </gem>
	  <gem>
		<GID>34</GID>
		<Mineral>Grossularite</Mineral>
		<Hardness>7</Hardness>
		<RefractiveIndex>1.735</RefractiveIndex>
		<CrownAngle>37</CrownAngle>
		<PavilionAngle>42</PavilionAngle>
		<CriticalAngle>35</CriticalAngle>
		<Common>false</Common>
	  </gem>
	  <gem>
		<GID>35</GID>
		<Mineral>Hambergite</Mineral>
		<Hardness>7.5</Hardness>
		<RefractiveIndex>1.59</RefractiveIndex>
		<CrownAngle>42</CrownAngle>
		<PavilionAngle>30</PavilionAngle>
		<CriticalAngle>40</CriticalAngle>
		<Common>false</Common>
	  </gem>
	  <gem>
		<GID>36</GID>
		<Mineral>Hypersthene</Mineral>
		<Hardness>5.5</Hardness>
		<RefractiveIndex>1.71</RefractiveIndex>
		<CrownAngle>43</CrownAngle>
		<PavilionAngle>39</PavilionAngle>
		<CriticalAngle>36</CriticalAngle>
		<Common>false</Common>
	  </gem>
	  <gem>
		<GID>37</GID>
		<Mineral>Idocrase</Mineral>
		<Hardness>6.5</Hardness>
		<RefractiveIndex>1.71</RefractiveIndex>
		<CrownAngle>43</CrownAngle>
		<PavilionAngle>39</PavilionAngle>
		<CriticalAngle>36</CriticalAngle>
		<Common>false</Common>
	  </gem>
	  <gem>
		<GID>38</GID>
		<Mineral>Iolite</Mineral>
		<Hardness>7.25</Hardness>
		<RefractiveIndex>1.543</RefractiveIndex>
		<CrownAngle>42</CrownAngle>
		<PavilionAngle>43</PavilionAngle>
		<CriticalAngle>41</CriticalAngle>
		<Common>false</Common>
	  </gem>
	  <gem>
		<GID>39</GID>
		<Mineral>Kornerupine</Mineral>
		<Hardness>6.5</Hardness>
		<RefractiveIndex>1.674</RefractiveIndex>
		<CrownAngle>43</CrownAngle>
		<PavilionAngle>39</PavilionAngle>
		<CriticalAngle>37</CriticalAngle>
		<Common>false</Common>
	  </gem>
	  <gem>
		<GID>40</GID>
		<Mineral>Kyanite</Mineral>
		<Hardness>5</Hardness>
		<RefractiveIndex>1.722</RefractiveIndex>
		<CrownAngle>37</CrownAngle>
		<PavilionAngle>42</PavilionAngle>
		<CriticalAngle>36</CriticalAngle>
		<Common>false</Common>
	  </gem>
	  <gem>
		<GID>41</GID>
		<Mineral>Lazulite</Mineral>
		<Hardness>5.25</Hardness>
		<RefractiveIndex>1.625</RefractiveIndex>
		<CrownAngle>43</CrownAngle>
		<PavilionAngle>39</PavilionAngle>
		<CriticalAngle>38</CriticalAngle>
		<Common>false</Common>
	  </gem>
	  <gem>
		<GID>42</GID>
		<Mineral>Malachite</Mineral>
		<Hardness>3.75</Hardness>
		<RefractiveIndex>1.785</RefractiveIndex>
		<CrownAngle>43</CrownAngle>
		<PavilionAngle>39</PavilionAngle>
		<CriticalAngle>37</CriticalAngle>
		<Common>false</Common>
	  </gem>
	  <gem>
		<GID>43</GID>
		<Mineral>Opal</Mineral>
		<Hardness>5.5</Hardness>
		<RefractiveIndex>1.45</RefractiveIndex>
		<CrownAngle>41</CrownAngle>
		<PavilionAngle>45</PavilionAngle>
		<CriticalAngle>44</CriticalAngle>
		<Common>false</Common>
	  </gem>
	  <gem>
		<GID>44</GID>
		<Mineral>Peridot</Mineral>
		<Hardness>6.25</Hardness>
		<RefractiveIndex>1.672</RefractiveIndex>
		<CrownAngle>43</CrownAngle>
		<PavilionAngle>39</PavilionAngle>
		<CriticalAngle>37</CriticalAngle>
		<Common>false</Common>
	  </gem>
	  <gem>
		<GID>45</GID>
		<Mineral>Phenakite</Mineral>
		<Hardness>7.75</Hardness>
		<RefractiveIndex>1.662</RefractiveIndex>
		<CrownAngle>43</CrownAngle>
		<PavilionAngle>39</PavilionAngle>
		<CriticalAngle>37</CriticalAngle>
		<Common>false</Common>
	  </gem>
	  <gem>
		<GID>46</GID>
		<Mineral>Prehnite</Mineral>
		<Hardness>6.25</Hardness>
		<RefractiveIndex>1.63</RefractiveIndex>
		<CrownAngle>43</CrownAngle>
		<PavilionAngle>39</PavilionAngle>
		<CriticalAngle>38</CriticalAngle>
		<Common>false</Common>
	  </gem>
	  <gem>
		<GID>47</GID>
		<Mineral>Pyrope</Mineral>
		<Hardness>7.25</Hardness>
		<RefractiveIndex>1.746</RefractiveIndex>
		<CrownAngle>37</CrownAngle>
		<PavilionAngle>42</PavilionAngle>
		<CriticalAngle>35</CriticalAngle>
		<Common>false</Common>
	  </gem>
	  <gem>
		<GID>48</GID>
		<Mineral>Quartz</Mineral>
		<Hardness>7</Hardness>
		<RefractiveIndex>1.549</RefractiveIndex>
		<CrownAngle>42</CrownAngle>
		<PavilionAngle>43</PavilionAngle>
		<CriticalAngle>40</CriticalAngle>
		<Common>false</Common>
	  </gem>
	  <gem>
		<GID>49</GID>
		<Mineral>Rhodochrosite </Mineral>
		<Hardness>4</Hardness>
		<RefractiveIndex>1.712</RefractiveIndex>
		<CrownAngle>42</CrownAngle>
		<PavilionAngle>43</PavilionAngle>
		<CriticalAngle>39</CriticalAngle>
		<Common>false</Common>
	  </gem>
	  <gem>
		<GID>50</GID>
		<Mineral>Rhodolite</Mineral>
		<Hardness>6.5</Hardness>
		<RefractiveIndex>1.76</RefractiveIndex>
		<CrownAngle>37</CrownAngle>
		<PavilionAngle>42</PavilionAngle>
		<CriticalAngle>35</CriticalAngle>
		<Common>false</Common>
	  </gem>
	  <gem>
		<GID>51</GID>
		<Mineral>Rutile</Mineral>
		<Hardness>6.25</Hardness>
		<RefractiveIndex>2.76</RefractiveIndex>
		<CrownAngle>34</CrownAngle>
		<PavilionAngle>41</PavilionAngle>
		<CriticalAngle>23</CriticalAngle>
		<Common>false</Common>
	  </gem>
	  <gem>
		<GID>52</GID>
		<Mineral>Scapolite</Mineral>
		<Hardness>5.5</Hardness>
		<RefractiveIndex>1.57</RefractiveIndex>
		<CrownAngle>42</CrownAngle>
		<PavilionAngle>43</PavilionAngle>
		<CriticalAngle>40</CriticalAngle>
		<Common>false</Common>
	  </gem>
	  <gem>
		<GID>53</GID>
		<Mineral>Scheelite</Mineral>
		<Hardness>4.75</Hardness>
		<RefractiveIndex>1.91</RefractiveIndex>
		<CrownAngle>35</CrownAngle>
		<PavilionAngle>41</PavilionAngle>
		<CriticalAngle>32</CriticalAngle>
		<Common>false</Common>
	  </gem>
	  <gem>
		<GID>54</GID>
		<Mineral>Sodalite</Mineral>
		<Hardness>5.75</Hardness>
		<RefractiveIndex>1.485</RefractiveIndex>
		<CrownAngle>42</CrownAngle>
		<PavilionAngle>43</PavilionAngle>
		<CriticalAngle>42</CriticalAngle>
		<Common>false</Common>
	  </gem>
	  <gem>
		<GID>55</GID>
		<Mineral>Spessartite</Mineral>
		<Hardness>7</Hardness>
		<RefractiveIndex>1.8</RefractiveIndex>
		<CrownAngle>37</CrownAngle>
		<PavilionAngle>42</PavilionAngle>
		<CriticalAngle>34</CriticalAngle>
		<Common>false</Common>
	  </gem>
	  <gem>
		<GID>56</GID>
		<Mineral>Sphalerite</Mineral>
		<Hardness>3.75</Hardness>
		<RefractiveIndex>2.37</RefractiveIndex>
		<CrownAngle>35</CrownAngle>
		<PavilionAngle>41</PavilionAngle>
		<CriticalAngle>25</CriticalAngle>
		<Common>false</Common>
	  </gem>
	  <gem>
		<GID>57</GID>
		<Mineral>Sphene</Mineral>
		<Hardness>5.25</Hardness>
		<RefractiveIndex>1.968</RefractiveIndex>
		<CrownAngle>35</CrownAngle>
		<PavilionAngle>41</PavilionAngle>
		<CriticalAngle>32</CriticalAngle>
		<Common>false</Common>
	  </gem>
	  <gem>
		<GID>58</GID>
		<Mineral>Spinel</Mineral>
		<Hardness>8</Hardness>
		<RefractiveIndex>1.718</RefractiveIndex>
		<CrownAngle>37</CrownAngle>
		<PavilionAngle>42</PavilionAngle>
		<CriticalAngle>36</CriticalAngle>
		<Common>false</Common>
	  </gem>
	  <gem>
		<GID>59</GID>
		<Mineral>Spodumne</Mineral>
		<Hardness>6.7</Hardness>
		<RefractiveIndex>1.668</RefractiveIndex>
		<CrownAngle>43</CrownAngle>
		<PavilionAngle>39</PavilionAngle>
		<CriticalAngle>37</CriticalAngle>
		<Common>false</Common>
	  </gem>
	  <gem>
		<GID>60</GID>
		<Mineral>Titania</Mineral>
		<Hardness>6.75</Hardness>
		<RefractiveIndex>2.76</RefractiveIndex>
		<CrownAngle>34</CrownAngle>
		<PavilionAngle>41</PavilionAngle>
		<CriticalAngle>23</CriticalAngle>
		<Common>false</Common>
	  </gem>
	  <gem>
		<GID>61</GID>
		<Mineral>Topaz</Mineral>
		<Hardness>8</Hardness>
		<RefractiveIndex>1.634</RefractiveIndex>
		<CrownAngle>43</CrownAngle>
		<PavilionAngle>39</PavilionAngle>
		<CriticalAngle>38</CriticalAngle>
		<Common>false</Common>
	  </gem>
	  <gem>
		<GID>62</GID>
		<Mineral>Tourmaline</Mineral>
		<Hardness>7.25</Hardness>
		<RefractiveIndex>1.634</RefractiveIndex>
		<CrownAngle>43</CrownAngle>
		<PavilionAngle>39</PavilionAngle>
		<CriticalAngle>38</CriticalAngle>
		<Common>false</Common>
	  </gem>
	  <gem>
		<GID>63</GID>
		<Mineral>Turquoise</Mineral>
		<Hardness>5.5</Hardness>
		<RefractiveIndex>1.63</RefractiveIndex>
		<CrownAngle>43</CrownAngle>
		<PavilionAngle>39</PavilionAngle>
		<CriticalAngle>38</CriticalAngle>
		<Common>false</Common>
	  </gem>
	  <gem>
		<GID>64</GID>
		<Mineral>Uvarovite</Mineral>
		<Hardness>7.5</Hardness>
		<RefractiveIndex>1.85</RefractiveIndex>
		<CrownAngle>37</CrownAngle>
		<PavilionAngle>42</PavilionAngle>
		<CriticalAngle>33</CriticalAngle>
		<Common>false</Common>
	  </gem>
	  <gem>
		<GID>65</GID>
		<Mineral>Willemite</Mineral>
		<Hardness>5.5</Hardness>
		<RefractiveIndex>1.705</RefractiveIndex>
		<CrownAngle>43</CrownAngle>
		<PavilionAngle>39</PavilionAngle>
		<CriticalAngle>36</CriticalAngle>
		<Common>false</Common>
	  </gem>
	  <gem>
		<GID>66</GID>
		<Mineral>Zincite</Mineral>
		<Hardness>4.25</Hardness>
		<RefractiveIndex>2.021</RefractiveIndex>
		<CrownAngle>35</CrownAngle>
		<PavilionAngle>41</PavilionAngle>
		<CriticalAngle>30</CriticalAngle>
		<Common>false</Common>
	  </gem>
	  <gem>
		<GID>67</GID>
		<Mineral>Zircon (Alpha&amp;Beta)</Mineral>
		<Hardness>7.5</Hardness>
		<RefractiveIndex>1.958</RefractiveIndex>
		<CrownAngle>35</CrownAngle>
		<PavilionAngle>41</PavilionAngle>
		<CriticalAngle>31</CriticalAngle>
		<Common>false</Common>
	  </gem>
	  <gem>
		<GID>68</GID>
		<Mineral>Zircon (Gamma)</Mineral>
		<Hardness>7.5</Hardness>
		<RefractiveIndex>1.825</RefractiveIndex>
		<CrownAngle>37</CrownAngle>
		<PavilionAngle>42</PavilionAngle>
		<CriticalAngle>34</CriticalAngle>
		<Common>false</Common>
	  </gem>
	</gems>
</lapidary>